metric,diff_resnet_minus_effnet,ci_lo,ci_hi,p_boot
f1_macro,-0.016337784255045062,-0.0653764997981982,0.02751838279543544,0.46976511744127936
auc_macro,-0.0009823520774100425,-0.02287139737796471,0.022312389274299987,0.9415292353823088
nll,0.05416704661070909,0.02025133464532152,0.09159619722803715,0.0029985007496251873
ece,0.013382811291909089,0.0004462041250249741,0.025553688588984297,0.04697651174412794
f1_caries,0.005107009270915341,-0.007908431899713131,0.019120558623999487,0.4147926036981509
rec_caries,-0.022157996146435543,-0.03910208281807579,-0.007147344042971273,0.00399800099950025
spec_caries,0.15503875968992253,0.091547619047619,0.2247261235955055,0.0009995002498750624
auc_caries,-0.0025148989559529156,-0.027930147369402993,0.020903812476956503,0.862568715642179
f1_deep_caries,0.023208453983877497,-0.04771421928141331,0.07624682114334624,0.4737631184407796
rec_deep_caries,-0.06018518518518523,-0.14222222222222225,0.0039719282774837985,0.07396301849075462
spec_deep_caries,0.054629629629629695,0.018165231491185,0.08947840328669779,0.004997501249375313
auc_deep_caries,-0.011239711934156515,-0.04467380071471963,0.016533965811416668,0.45177411294352826
f1_periapical,-0.07732881601992769,-0.2026588143536209,0.039604873102734896,0.19990004997501248
rec_periapical,-0.05797101449275377,-0.1833333333333333,0.07692307692307687,0.4307846076961519
spec_periapical,-0.004889975550122272,-0.011990561792211515,0.002360355552495081,0.18190904547726136
auc_periapical,0.010807554657878748,-0.025006313131313046,0.0609738161948427,0.6296851574212894
perip_rec_superior,-0.08333333333333334,-0.33333333333333337,0.0,0.6948118006103764
perip_rec_inferior,-0.05263157894736836,-0.21568627450980393,0.10421401515151496,0.5717141429285357
perip_spec_superior,-0.006908462867012188,-0.016835016835016762,0.0018521104903786736,0.1729135432283858
perip_spec_inferior,-0.0030864197530864335,-0.014496288441145236,0.007183908045977022,0.63968015992004
perip_rec_gap,0.030701754385964897,-0.185,0.30363636363636354,0.8830111902339777
