arch,metric,mean_seeds,sd_seeds,ci_lo,ci_hi
efficientnet_b0,f1_macro,0.6934776225028685,0.034137757658778925,0.6260933341893122,0.7392704369129537
efficientnet_b0,auc_macro,0.8562305752783198,0.005194005210963408,0.8108868531422091,0.8929845939089133
efficientnet_b0,nll,0.36242762062950384,0.0553096290851392,0.28331709988895104,0.45034736512720874
efficientnet_b0,ece,0.073907209898143,0.003395448107374817,0.06409416795052651,0.09889926560055397
efficientnet_b0,f1_caries,0.9086909192328912,0.004847409034212111,0.8835303543381143,0.9318398638126218
efficientnet_b0,rec_caries,0.9826589595375723,0.0250296359475271,0.9742002063983488,0.9907415417147252
efficientnet_b0,spec_caries,0.2751937984496124,0.12324118678747786,0.18308733680622546,0.35865179827205146
efficientnet_b0,auc_caries,0.8322747233051038,0.007493803346917372,0.7776011272611562,0.8808521813668125
efficientnet_b0,f1_deep_caries,0.5086658182342986,0.018138036702094004,0.3883874849314374,0.6164386729937278
efficientnet_b0,rec_deep_caries,0.6064814814814815,0.090366765258996,0.4836519607843137,0.7209358228980323
efficientnet_b0,spec_deep_caries,0.8425925925925926,0.06862479245810287,0.8060414516683866,0.8780718260705528
efficientnet_b0,auc_deep_caries,0.8264917695473252,0.017569578862006146,0.7644000859811423,0.881356968335309
efficientnet_b0,f1_periapical,0.6630761300414155,0.08744339609824671,0.4795345676149247,0.7935834082060498
efficientnet_b0,rec_periapical,0.6086956521739131,0.08695652173913043,0.4166666666666667,0.7654320987654321
efficientnet_b0,spec_periapical,0.9869600651996739,0.009881300450678204,0.9771382815663139,0.9955190124381896
efficientnet_b0,auc_periapical,0.9099252329825308,0.017509607898793165,0.8227206841852657,0.9737550587665093
efficientnet_b0,perip_rec_superior,0.25,0.0,0.0,1.0
efficientnet_b0,perip_rec_inferior,0.6842105263157895,0.10526315789473684,0.47909226190476195,0.8333333333333334
efficientnet_b0,perip_spec_superior,0.9930915371329879,0.0029914521719669835,0.9805992191914522,1.0
efficientnet_b0,perip_spec_inferior,0.9814814814814815,0.020180087701577153,0.967157691846903,0.9935595503530286
efficientnet_b0,perip_rec_gap,0.43421052631578955,0.10526315789473684,-0.26015873015873014,0.7929597701149423
resnet50,f1_macro,0.6771398382478234,0.015919011648094658,0.6044073770337806,0.7308618320277561
resnet50,auc_macro,0.8552482232009098,0.013136732859362118,0.8180589412409369,0.8871701828650609
resnet50,nll,0.41659466724021293,0.040388993710810325,0.3251954891736402,0.5188664998420784
resnet50,ece,0.0872900211900521,0.006210104291383031,0.07500352862897744,0.11255873200307205
resnet50,f1_caries,0.9137979285038066,0.004561244803737167,0.8918031666765613,0.9334758298981739
resnet50,rec_caries,0.9605009633911368,0.021303799987953766,0.9428252904151694,0.9766289705048212
resnet50,spec_caries,0.4302325581395349,0.06976744186046513,0.32032011847801317,0.5382518720906698
resnet50,auc_caries,0.8297598243491509,0.020247573296249485,0.775544992233635,0.8794371014276039
resnet50,f1_deep_caries,0.5318742722181761,0.03542515068471049,0.40316807783328534,0.641056670872001
resnet50,rec_deep_caries,0.5462962962962963,0.028912027770362978,0.40349567949725057,0.6666666666666666
resnet50,spec_deep_caries,0.8972222222222223,0.03203489609630776,0.8679874727668846,0.923235541005624
resnet50,auc_deep_caries,0.8152520576131687,0.022330010062847024,0.7536893482620582,0.8703677918200309
resnet50,f1_periapical,0.5857473140214878,0.07774274047571282,0.37162218045112777,0.748433312096978
resnet50,rec_periapical,0.5507246376811593,0.12551092808470124,0.3333333333333333,0.7407407407407408
resnet50,spec_periapical,0.9820700896495517,0.007058071750484423,0.9706601466992665,0.991625837520938
resnet50,auc_periapical,0.9207327876404096,0.014762968403759298,0.8558610995548159,0.9704202674873383
resnet50,perip_rec_superior,0.16666666666666666,0.14433756729740646,0.0,0.6666666666666666
resnet50,perip_rec_inferior,0.6315789473684211,0.13925006900339953,0.4102272727272728,0.8025054466230935
resnet50,perip_spec_superior,0.9861830742659757,0.010785834194125016,0.9719622312698559,0.9968999392705319
resnet50,perip_spec_inferior,0.9783950617283951,0.014143752144925447,0.9616649385560675,0.9919702620003825
resnet50,perip_rec_gap,0.46491228070175444,0.1645175380132549,0.019869281045751638,0.7679710144927534
